X1,X2,label
-0.009331868187419715,0.39098105418015816,1
0.9545738691624412,-0.47375582788183507,1
0.9185255998380013,-0.42519647988901554,1
0.41276801969823385,-0.37638458606042796,1
-0.8453201576791285,0.5287990751013711,0
0.5795424858467747,-0.3529786749192238,1
0.2948842632678151,-0.20923767674383847,1
-0.014488040679850038,0.4358961006359975,1
1.6265103704826596,-0.2812074178087713,1
0.6715976694958535,0.7864222732171882,0
1.3113449829773651,-0.4151502790015692,1
0.8795901439942223,0.4888580675405558,0
0.3372031470608245,-0.2163430724099012,1
1.9663402564991523,0.2701299246617674,1
1.9587054386348164,0.10002219927047266,1
1.7608686821731874,-0.08832186160008484,1
-0.19801868916132656,1.006313658281475,0
1.7717398842568328,-0.16423207996030142,1
1.0457937178907926,-0.48877192307384654,1
-0.4187715961992616,0.9228578479664462,0
0.020963607003776332,0.18436562684985627,1
0.4729142575381755,0.9265610355240331,0
-0.6635138094945789,0.7238877091143752,0
-0.00020899027137398496,0.3429460902955619,1
0.2133861545691056,0.944727323387971,0
0.13645516208535663,1.0078971080677193,0
0.7941274688342912,0.6187546488250769,0
2.0352618080136105,0.4049071183348086,1
1.806430102078984,-0.09001254526756888,1
1.9758034702625296,0.2076430596211074,1
-0.529274320593674,0.8513114704497956,0
0.5919435918112382,0.7760448491389307,0
0.24464606702437747,-0.20560450496006247,1
-0.994882173892574,0.025066961950497235,0
-0.7146611384675424,0.6560299186412298,0
0.32399730310668956,1.027202661620251,0
0.6105042321996944,-0.422170622215672,1
0.19007465198574094,0.013171555208393838,1
1.822131751795924,-0.06531610346989374,1
0.9393090382790429,0.3287750710113634,0
-0.5145871510127537,0.9369445294689552,0
0.8283627881366036,0.5712668749979283,0
-0.38611721113188696,0.9470102832926734,0
2.0637997808877993,0.35897320945881583,1
-0.32426356597721084,0.94782967480715,0
-0.14014030751672904,0.9675657155567916,0
1.916144788178186,-0.024453855131769398,1
0.18855034200912854,-0.07503628788309874,1
-0.8913943385682952,0.344272660883642,0
1.4783547025105115,-0.3598860334017612,1
0.061786014322250095,0.0689522514354962,1
1.7277338506302224,-0.2252221371438995,1
-0.048205022845006065,0.992663744109642,0
0.15058529281070665,-0.026917396769429586,1
0.9590186056396491,0.15979744268825247,0
0.9582430808664298,0.1828162871470888,0
0.25926806724683693,-0.16702991162212297,1
0.977691827832564,0.0673947830070605,0
0.1549920886175832,1.0041740580295317,0
1.4259763219073607,-0.3984530220664783,1
-0.21149197583574286,0.92423970503715,0
0.9844214873786534,0.2536801074904796,0
-0.02759485869635607,0.2014287903787663,1
0.21689920075838615,0.9737796559389502,0
0.21550164768379587,-0.11661416176197764,1
0.6413516350305641,-0.4193549219905472,1
0.5015590632891926,-0.39186014893829924,1
1.6585857298742575,-0.24495160824960813,1
0.9190108953421569,0.40339663429441375,0
0.03374433825644489,0.23347576338847045,1
0.7604169179859546,0.6019918726301723,0
-0.9963242489918903,0.03385532382515485,0
0.17129416237597875,-0.06838103836943674,1
0.9359909891070269,-0.5054449436002543,1
-0.23997326916705602,0.9362036578179066,0
-0.23908830753325677,0.9768200317919346,0
0.4733826756386867,-0.3476558615499201,1
0.9502903466295477,0.21495493170322832,0
0.10282373735450115,0.02147980821974324,1
-0.3913970628950357,0.9106987025468518,0
0.6100513527566134,-0.4556973321824902,1
0.9375965713008191,0.36127617048985533,0
-0.12245272424600026,0.922044407747687,0
0.8597424298730357,0.3930712399200372,0
-0.3888617368622357,0.9075107246770983,0
0.035243707779937,0.24276268398143086,1
2.0646373678153123,0.5138719832621771,1
0.7596703677741293,-0.4876719434509644,1
0.9833800144604069,-0.49673271171705957,1
-0.5176797995409205,0.8998644918637909,0
-0.6805856849106794,0.6933053384445158,0
-0.968759271639314,0.31342676462146457,0
0.058192785524930034,0.40905018180197933,1
0.16690683309653465,0.9957084475312632,0
1.229161429915976,-0.44806178557200316,1
-0.9108581595829119,0.31522415524954595,0
1.0807216301226623,-0.4898793227794229,1
0.8073810871960746,0.5435479178229811,0
0.8766461209456042,0.3623626261115674,0
1.5034609998787927,-0.41275580055419675,1
0.80787062970489,-0.5304483316484357,1
-0.5339707458964983,0.7935432090252258,0
1.9252262024058466,0.11905530636238955,1
-0.02268412276310191,0.9535873898240786,0
0.33980407899206266,-0.27099718755480706,1
0.332880370391283,-0.25779376600602155,1
0.04667079118456748,0.17381496456641482,1
1.9738531451598609,0.24077673755146425,1
0.5501362908901233,0.869806173417783,0
1.8229359767617044,-0.0056369907234475845,1
0.030489562007046566,0.3406076837389021,1
1.4137678346066809,-0.36694842129805716,1
1.9432320992367154,0.4462972607157073,1
1.3669644815014417,-0.42041815153375317,1
0.88890614086869,0.5189559950413426,0
-0.8878455568291485,0.4279787657601025,0
0.4393729419134067,0.948038483027588,0
1.977660478564435,0.387161770354901,1
-0.022973826901683862,0.2858373812803165,1
-0.25195686144770996,0.9650260662707647,0
1.794950213035253,-0.1302394984075828,1
-0.8595511608069241,0.446803407185087,0
0.7582577444562361,-0.4471173927143327,1
-0.10821231873958925,1.012846816932148,0
0.04734145775559794,1.0352427772380202,0
0.06036746210076274,0.14108183776852606,1
0.1458275368960572,-0.0569815456842539,1
-0.9622815645541504,0.36476702548055756,0
1.7001390170412636,-0.2301435925718817,1
1.272123457735703,-0.4323173285961397,1
0.20943481538559267,-0.08229258542581432,1
1.6229513161701772,-0.3306286738481506,1
-0.1127254636491715,0.9207040585164643,0
2.027277747611966,0.4842354131839651,1
-0.03383358098426805,0.26567716847104195,1
0.9144670365065067,0.36319917051350564,0
0.7189226396265008,0.6615041782880313,0
0.18531698217035728,0.9449763802169291,0
0.9296286988024479,0.12052349560502666,0
0.866891254016407,0.4584096774853915,0
0.9569046092392482,0.24871733892536851,0
0.08503047496705164,0.9799592301310374,0
0.8565446876568915,-0.43531238723349713,1
-0.2441183799731557,0.9826184447660006,0
1.7699370623666784,-0.1368762571983459,1
1.8768580207223153,-0.028648475668063677,1
1.3568719401150764,-0.4333759225718905,1
0.023417875437793216,0.9641934469936027,0
1.4646359798514155,-0.36616965843669713,1
-0.424790278848531,0.889086118240812,0
0.3574656730176105,-0.304619530360282,1
0.6154483243468079,0.8667485636116495,0
1.965219915472546,0.3668762775672594,1
-0.915327466198324,0.44409065984730667,0
1.9503733751994932,0.1754141561329916,1
-0.9985077635886126,0.2339848150367624,0
-0.418355518056728,0.8929343146386609,0
0.7019802617768407,-0.47439153813008383,1
0.9042708410241312,0.36857854515841193,0
1.7699955159329555,-0.19422215784465108,1
0.06916811522193969,-0.08917902454207059,1
1.146122172237218,-0.4836426995981571,1
0.4483713380146389,-0.3403732353051453,1
0.3645619243176445,-0.29624926356482045,1
1.6719529993634903,-0.23789719412360133,1
0.5371044289983171,-0.35857356527928547,1
-0.28845387626737173,0.9751934516358183,0
0.64332148746074,-0.4026090977516094,1
-0.3647533383232986,0.9646279300545189,0
-0.39122675125198086,0.9427493389254541,0
-0.656839840097013,0.7385589364846084,0
-1.012769316684945,0.14043174042545795,0
0.7821772031920661,0.6505029543386682,0
1.9912474047874953,0.4371862564324658,1
-0.972119978221841,0.037071963128343065,0
-0.6545539119540824,0.7580733298485741,0
-0.005728077996914244,0.9590912518207025,0
-0.01492021532293892,1.0046208349739434,0
1.3325401797207823,-0.45791241710789093,1
0.5753818859379138,-0.39618696508343176,1
-0.9632351225103747,-0.011771141723321672,0
0.5253895937118821,-0.3650805258162833,1
-0.7248337781498905,0.6826190290247096,0
0.00247863451726529,0.3422789999715791,1
1.5113722051412586,-0.29568059062967833,1
0.6361205932573285,0.7633193084095827,0
-0.6054198448227267,0.7716332703904943,0
-0.6686834694429087,0.686006616516154,0
1.9582617687837667,0.1811956609216267,1
0.9458223102102276,-0.512189831704194,1
1.9119975933083346,0.17907185533930386,1
1.4993358712264617,-0.3477166292899077,1
0.4784125773611883,-0.2923718423259916,1
0.3059349815248018,0.9154736735598938,0
0.22434104106240327,0.9927109401605116,0
-0.8771417900952558,0.5918885859910042,0
-0.4694240819608501,0.8619193467611518,0
0.23698608047052933,0.9459878498241595,0
0.24479249718887733,-0.15979417509559982,1
0.9103435859179326,0.46128096471146784,0
0.9985440255486159,0.1806971150038875,0
0.03226955023350746,0.2745249959416576,1
0.68480475915081,-0.4200334507003725,1
0.0774998102108897,0.16701902072644723,1
1.4897318468073188,-0.3456451439700973,1
0.21462976544517712,-0.053521874709952386,1
0.47633051021462386,0.8603047609650661,0
1.8840143847232738,-0.01086251187234467,1
-1.0404310582092366,0.015697509667043027,0
1.4298010745221164,-0.39243340918555447,1
0.8696871328258846,0.41483992659359525,0
0.6121559548604006,0.8054974768685966,0
1.885116278739087,0.050022448212108536,1
1.4636009636007232,-0.4039533729075141,1
0.5137002810759114,-0.34305199667623604,1
-0.46017982460722995,0.8384152446147514,0
0.4984963087963878,-0.3442209874081099,1
0.0024225739186660242,0.9828649038141188,0
1.8289948654007488,-0.05946287665777246,1
0.8137485500721972,-0.4667395749408834,1
-0.32660213098607477,0.9930216892162795,0
0.8762807036366022,-0.49411259889400067,1
1.980530717878923,0.34689149650148543,1
0.9474218325703581,0.28166687438621063,0
1.8028741199210705,-0.13584270121855366,1
1.0295872095540848,0.03129051519809474,0
0.0233198146754328,0.21316561614289187,1
-0.5830795892285296,0.7824623915729791,0
1.8807670236393041,-0.05233455541701229,1
0.03737278289702846,0.2957308654487365,1
-0.5778520010143702,0.8608463107895608,0
2.0029405818200328,0.49703067841137816,1
-0.9995243001265244,0.1525999287583228,0
0.12146291530346576,0.11064347681288746,1
0.9674096310501702,0.21240569405191928,0
0.9500676055534998,0.17805346324242124,0
0.13476930990231376,1.0271045490235595,0
2.0633754221961036,0.27238864583932126,1
0.32615562373719414,0.9577876376298142,0
-0.5356511484917225,0.8819025230259245,0
0.984753968188226,0.025234056763950123,0
0.3152875751156274,0.9559287455420982,0
0.03186826542701199,0.4381679610957893,1
1.2506910153385016,-0.4788797229249635,1
-0.39511151787915105,0.9974510914264054,0
0.7704723837545087,0.6870574316434481,0
-0.9561076727898511,0.40369095510966096,0
0.9087948555269747,0.47138737314483015,0
0.8793760533547452,0.4669224363496621,0
-0.1864746452852743,0.997023397964123,0
0.8817233114567485,0.47305724148549366,0
2.008445894134849,0.4409103775051665,1
1.1966131313867765,-0.4707500521174426,1
1.7846420776066458,-0.08207914670197475,1
-0.8715860641169058,0.60093648315316,0
-0.4810683041077052,0.9044095967842667,0
0.018374318258823276,0.3780599632433432,1
1.890768368747599,-0.03646398956782059,1
1.9180115217824463,0.012748499002145863,1
0.9528276213188718,0.02330180660359204,0
0.8209365608527239,-0.4855995991299884,1
-0.9849547843281582,0.24943607914083116,0
0.8387200666676783,0.531673281951518,0
-0.12884521287948425,1.0102292226276461,0
-0.6008860973008165,0.8162583966133886,0
1.7151782328568779,-0.23706160519448216,1
1.311502072729118,-0.4147810861034702,1
-0.7413349386441764,0.6924431066742701,0
0.3114506223118925,-0.2509043703210075,1
-0.7350573383663381,0.6558015581939873,0
-1.0023226179757136,0.02558303102369104,0
0.7308090602994409,0.6898795705426506,0
1.7943042662343665,-0.08342434924359951,1
0.0010323945770283598,1.0135710921579462,0
0.00645823400483272,0.38827862682722547,1
0.9353675729490637,0.144764262374688,0
0.3043572720700673,0.9559107441754505,0
0.17483415132265293,-0.08463567311079123,1
0.8810621211509302,0.46861912024504265,0
1.2415409994334694,-0.4827599464992328,1
0.1627090007092782,-0.04826765586280811,1
1.293685302195609,-0.3955147606729803,1
0.0949464869420797,1.0070444392901594,0
-0.26569267654492795,0.9696935580710351,0
0.24594790767396818,0.9842445668375586,0
0.7645121834489497,-0.4590875040712738,1
-0.6687525187510092,0.8205694827452371,0
-0.9740106272920227,0.3185145466443159,0
0.17133598703910524,0.9824122979590585,0
1.9630101921568783,0.2394322595205842,1
1.9617768048926767,0.18314787201186195,1
1.2380462191818389,-0.4854645062573573,1
0.03142742216718008,0.5108027738900056,1
-0.9541765422748525,0.2376352189568982,0
-0.6118318534369427,0.7516432297399257,0
-0.9773998941959255,0.16307218037493548,0
1.8815754789300283,0.0585726613367615,1
-0.9283027820399578,0.4788392356636738,0
0.9524472433745312,0.034950094217712835,0
0.5216737430828837,0.8101467924459167,0
0.03822098119432277,0.22372661399464824,1
-0.8991117743513396,0.40898704748155174,0
-1.061750818658048,0.08633421838153614,0
-0.8830056446058226,0.49979264579249133,0
1.1648410715200195,-0.4845437058245029,1
1.916159450867958,0.14440042737809894,1
-0.4638904946111815,0.8070756600377507,0
0.1821623266980985,0.061324982570738734,1
1.937828464516276,0.11936516530732208,1
0.08007291699941545,0.10234362892222162,1
0.16439690316594413,-0.0412661262267386,1
0.01677300620155076,0.28373719761836824,1
0.10111777493906492,-0.017668697624170393,1
0.7647378355472647,-0.4829394694287166,1
-1.0062567694881048,0.3275010949915382,0
-0.9129210149373009,0.3087668971198816,0
0.11684652960490502,0.9432485706340465,0
-0.6054798684837452,0.7941323534162505,0
0.8359777751290307,-0.4743218030346231,1
0.2893032696429966,0.9789280645331622,0
0.8836564317047712,0.44899581116755455,0
0.6383326266912639,0.8004254931755429,0
-0.3419116609757594,0.9477816761974727,0
0.3216673702640313,-0.21724960072044386,1
1.2084548034030045,-0.47353058702277573,1
-0.0078048766474864435,0.47427008828503575,1
-0.5350068128299242,0.7962760598661015,0
-0.9616355152549352,0.0789996747819445,0
0.7517193753260404,-0.4482264341776878,1
0.6918574157390353,0.721838963196235,0
0.7354972675179173,-0.4742662832198362,1
-0.3230009881266218,0.9011278123037991,0
0.8349141223182899,-0.5085102627064098,1
0.37874503068004206,-0.26290613680741526,1
1.0157308824175872,-0.022047312434333985,0
-0.41716814741900354,0.9272369299758482,0
0.766281878198472,-0.4140305367366572,1
-0.0026480867507639866,0.21643023581453305,1
1.7408044613146543,-0.2676113507069845,1
0.02965700106245913,0.29983270906434994,1
-0.9779869633986527,0.11489553649606062,0
-0.869476184761661,0.5056791345223945,0
0.4980835285654941,0.9164300562990063,0
0.7150735196303766,0.69219440100641,0
-0.8380353663572941,0.630851555873379,0
-0.9118655239799062,0.45577369388975336,0
0.035515116912049484,0.172510279424595,1
1.8000750741631892,-0.06726024859076846,1
0.8250656141914485,0.5578244686952636,0
1.9604299923852082,0.13442939288593939,1
0.43189520762885114,0.9719751506849721,0
-0.18881371925259752,0.951123527567711,0
1.8140435572645641,-0.050573238585363854,1
0.89930414751543,0.47267902311267923,0
-0.2554192268190615,0.9456348637963665,0
0.6490221826385868,0.7532583344336483,0
-0.3400561369119496,0.9523207377049079,0
-0.8430734427457549,0.44562832212628445,0
-0.4238013580484717,0.8498061621964765,0
0.600415639786865,0.7451931112234353,0
-0.8855063408753476,0.4838319048022111,0
0.12643465927884107,0.05417534725383502,1
0.6375604496639635,0.7579944053920383,0
-0.9686162712922982,0.3144734845178271,0
0.5277797143227798,0.8760590311255868,0
0.9523847364492487,0.14867778648861735,0
1.1262829559006375,-0.49624165919758384,1
0.3508729041634801,0.9586416520062016,0
-0.7910375669998662,0.5952927450931561,0
1.6661241202792236,-0.3328526603787248,1
0.5104804570605814,0.8752353380693431,0
0.7310277657373249,-0.4610571518184617,1
0.6245194693437559,0.7855548756644847,0
0.4500640261000703,0.921231549305372,0
1.016339852508695,0.055753501603215724,0
0.9564591021290582,-0.5066893462916572,1
-1.02691019207979,0.12123599695713606,0
0.8651364045409118,0.4829742769239318,0
1.8485989619512668,-0.026345882756925728,1
1.3824629899595098,-0.4152185635603106,1
0.14628452522406288,0.9883759523788007,0
0.5919509963676954,0.8071635193216823,0
1.1886176274026896,-0.46249736744761566,1
0.08627834922538535,0.965473007907956,0
0.19989225423166945,0.9844222065543882,0
1.8336239763297217,0.020174554953513252,1
-0.08664813615578174,0.5087980794240051,1
0.6826050488693418,0.7148361019187277,0
2.014598520143115,0.4048933644066993,1
1.1246401107687083,-0.4756118566746373,1
0.37434896041776794,0.9167975573312179,0
0.9499603617534476,0.24294197512022592,0
0.6584919885301574,-0.46501174619137353,1
0.78668148363226,0.6099115473568744,0
0.15005856520302813,-0.047979207968233545,1
0.8924616484779362,0.3726778215152575,0
-0.8149503866476593,0.6265187865838835,0
-0.9676172457637222,0.34493759446807726,0
1.0433455578901945,-0.46920433878378653,1
1.9847074906108357,0.45227752337626725,1
1.0248405810831949,0.14102484925617648,0
-0.9534151984674049,0.2229707290368112,0
0.029095939609858516,0.2516949866790296,1
0.007238162850501332,0.3056117957680925,1
0.2893841148702066,-0.20032106716596218,1
0.6609165745602801,-0.4731318793494826,1
1.8664104950403348,0.0554896086290607,1
-0.5875963888657386,0.9105684255678287,0
0.9131018760082521,0.3143932796363772,0
0.03601747624549361,0.43005666605245624,1
-0.06401168711741144,0.386089466716252,1
1.852597534092522,-0.045403857890329594,1
1.2055662666206013,-0.47418673997680505,1
-0.056892229075417036,0.9622114027007,0
1.3643147441575083,-0.4232548816309883,1
0.7512218525418174,-0.44159687847620294,1
0.6300282013992357,-0.37461881512237016,1
1.5046570481304404,-0.3441313842089673,1
-0.012800509372550152,0.39197027381787053,1
-0.9826266648797031,0.32344422571110254,0
0.996245107251415,0.16474544012693598,0
0.7776300551924304,-0.47380245382217606,1
-0.9878219349597086,0.08691755100335474,0
0.0661743798872628,0.1238096546622128,1
-0.9443335475110064,0.36382935869949085,0
-0.6536981049372725,0.7733690039944585,0
0.8530072852752473,0.4860094031653328,0
0.9356339531978702,0.35343587155986733,0
0.33081848534254654,-0.23717792846339528,1
-0.12296777681725604,1.0293184658525352,0
-0.2592216675037966,0.9600537778233678,0
-0.63247474732601,0.739847294018154,0
-0.5922127642943553,0.8280115379513091,0
-0.9810797656425654,0.2685815038541555,0
-0.1347998390721838,1.0379237912176986,0
1.0195215446312795,0.0932803492216237,0
0.3866767427103717,0.9218294711533258,0
-0.6620383290744677,0.7280648221302136,0
1.7186656042782424,-0.21486679193848066,1
0.19871542234090206,-0.22083385936926306,1
0.1834484522591218,0.9905457588915343,0
0.08647706964704507,0.05212533067658373,1
1.9896930874761858,0.3134982463406083,1
0.38893198436747783,-0.2936633753461013,1
0.04898833550721794,0.22844177164154642,1
0.15545233480874682,-0.018034910599738063,1
0.3669694841205275,-0.24706519912048475,1
0.47305922907446,0.9168663675230297,0
0.46158390986125375,-0.3467107441071146,1
0.5465665978376114,-0.3853331171634381,1
0.13697213128083033,-0.012539158266898692,1
1.7259008919205365,-0.19531224513648257,1
-0.784548706385955,0.5741504409074246,0
0.5328962125561193,0.8770509254326999,0
0.07845582748661278,1.0322184008174815,0
0.27827239112959706,-0.2447109417643598,1
1.8076493672909206,-0.13896129366634627,1
0.5244688194404814,-0.34729047198442575,1
-0.7291090718057727,0.7181027709020018,0
-0.8612215186021891,0.5201641571326129,0
0.9182768794038316,0.4214144873215911,0
0.7960731634391854,0.640227738181123,0
0.1921939643080762,-0.12059484223754621,1
1.993113580607991,0.30643124272452416,1
-0.7890733879941727,0.6003258536591609,0
0.8015331121835394,0.652613843060559,0
0.7098124194665443,0.6244785139365447,0
-0.8833002330413497,0.46901523518202726,0
-0.012154611833944548,0.2804310106156687,1
-0.9475718506266118,0.2715136223766958,0
-0.8946856392007495,0.5804991495487745,0
0.8873272919270825,0.5248370251051753,0
1.9421155621029018,0.061936058004154894,1
0.8525163827897787,0.5063879357575111,0
-0.4516353644297422,0.8464620000374697,0
2.001396402173492,0.410163676918411,1
1.9376679711765457,0.08502819982213553,1
1.9638338996600855,0.12502630960031963,1
0.19191232403865646,-0.08911568911935558,1
0.16635683945805024,-0.013249951460556228,1
0.26788245558127144,-0.16280129136648608,1
0.8583709702856381,0.5783193580212708,0
0.9143960456013844,0.09322630064655797,0
-0.8099656850303776,0.5773824442661204,0
-0.0037930976836493373,0.28967350096184213,1
0.9779808138783455,0.22645988498157887,0
0.9709389941351617,0.2786547492763988,0
-0.42402260767474376,0.8450351911908526,0
0.48587237252032656,0.8759662509949859,0
-0.965498447529066,0.003464504563302653,0
1.7508135745218254,-0.2573942652941316,1
0.14314721385387502,-0.06297384173713165,1
0.9985863937504064,-0.5343969051166655,1
0.7924429343481153,0.6119466339168772,0
-0.9531126272708192,0.44869117232114236,0
0.46608775494917204,0.8945343415186111,0
-0.9517108622154131,0.35144257073085255,0
-0.8723129065849095,0.5408060012320519,0
1.654593447829977,-0.22732083313975443,1
1.7469234975286985,-0.18313121260611812,1
0.4901340925083969,-0.41061689497383264,1
0.4677640943133655,0.9209688621757055,0
-0.782550265776152,0.5760336529603302,0
1.8622713200845942,-0.04332039217326881,1
1.2810601421087722,-0.45908728326357706,1
1.9407160880345713,0.23015072264936481,1
0.6098657901213769,-0.42280558035883165,1
-0.7701760025820903,0.6394157876451781,0
1.9544641010361583,0.2796193981942018,1
0.9936611839568449,-0.5003759950720581,1
-0.044151453685183265,0.9649546301874922,0
-0.02440343639713017,0.23223690260405533,1
-0.5052553116022176,0.8612070840635273,0
1.0166163693720718,0.09719884356701124,0
-0.4553125255052236,0.8738843699961016,0
1.08002676875249,-0.526143866215268,1
0.1389582160140064,1.0020613991208247,0
0.3894269231722418,0.9755478507341027,0
1.9973305788478442,0.4098750230097382,1
0.9661706230943446,0.12860671192860842,0
-0.6341807183989666,0.7672558788424293,0
0.5171725206686113,-0.37846148253188083,1
1.6762551759116195,-0.18367023559939166,1
-0.548302786963764,0.8465957172449178,0
-0.8983663764014225,0.46949982946100444,0
0.04862689179329515,0.15953355739417538,1
1.463826116707912,-0.36671371980808953,1
0.27513837445483674,1.0177531173541505,0
0.3697429334551422,-0.2611193716578535,1
0.8121090734677323,0.5548353133494418,0
0.10784839056094978,0.14461626060695948,1
0.8903336189767463,0.41338823078611703,0
0.26190284776412054,-0.1766846874407363,1
-0.236771470312803,0.9611906573789658,0
1.5953261171959512,-0.35122695975543977,1
-0.9608131132275781,0.4007487072581999,0
0.5600372181062694,0.8363958469822289,0
0.9001015515492107,0.4538741790731243,0
0.8757092063278299,-0.514549266016184,1
-0.9423443031260814,0.35395719032135176,0
0.34838477728559725,0.925811710450926,0
-0.10379457388951767,1.0060156448984003,0
0.12417488262998555,0.9793459999173912,0
-1.0520705605513132,0.0814970281444863,0
0.7516300307306729,0.7128302496849043,0
1.9741349793106795,0.17079754465289118,1
0.02581419932564559,0.41876788222798544,1
1.4210594757085155,-0.3856095873456541,1
0.18915320724120296,-0.022393651292700264,1
0.7265344293259979,0.6998168899388253,0
0.7370011545218239,0.6816034579804211,0
-1.003027868948936,0.14748866601146593,0
0.6606821550540364,-0.414571836055794,1
0.9303122003638924,0.3163107252564287,0
1.633219057455655,-0.24926448285797745,1
1.8594531063484108,-0.013515717577266698,1
-0.6677140804472939,0.7302625035764193,0
-0.1082570321216669,0.9918740112125085,0
0.9928185463028717,0.3285446623810805,0
-0.6219265261238345,0.8024681618811793,0
0.3374084418328998,0.9337022117486452,0
2.053787677739926,0.5067186583426919,1
1.4830908804871592,-0.3439044860677187,1
0.9232385404259216,-0.48726448222581864,1
-0.030654410975488107,1.0069138250850656,0
-0.9476004529856897,0.28664647124817966,0
0.5430119826945469,-0.3528256407240395,1
-0.3391617806733641,0.8745081561534899,0
-0.5596779051615997,0.8683940707320342,0
1.9948697947916976,0.26853436093548055,1
0.5743863628070051,0.7940974912680919,0
0.6905563128001608,0.6428698549709906,0
1.2506864830902378,-0.4360011163907316,1
0.9053083093005742,0.34693128503162,0
-0.609560321657757,0.8318606256840566,0
1.9001471094954352,0.06613535737308135,1
0.6374715070098342,0.7558813794127235,0
-0.9475387469004305,0.1479234423868903,0
-0.8203382426109934,0.6045314044886978,0
0.2787311836249391,-0.18489291427260468,1
-0.38814565729633266,0.933480500805959,0
0.9347706239981373,0.12311010253133171,0
1.396759586828894,-0.47015698905618797,1
1.2739333693335002,-0.4476447785456054,1
1.3236700057288078,-0.40791270357649023,1
-0.8287135886732697,0.5668756452602169,0
-0.001980441401700811,0.2736613274135233,1
0.2209201891068706,-0.25395752201383254,1
0.9757433146776818,0.2699818035567121,0
0.45961415118910015,0.8901013563255308,0
0.022701182467597864,0.9713217424356954,0
1.4676879691649034,-0.36768915205729485,1
0.4905825948923205,-0.34559875619901825,1
1.0342064570851817,-0.4900893216457851,1
1.65785398852573,-0.29142757274780584,1
0.5854523897562885,0.8130367379440159,0
-0.2237190401035169,0.9528864424903167,0
0.17188047370539775,-0.09617803059806379,1
0.03632489406577482,0.07023796884861716,1
0.9108975611386816,-0.47578576828425573,1
1.0257812646996372,0.08090545164944549,0
0.7098690420873536,0.7440260939547508,0
-0.4136847080309377,0.9040591116110743,0
-0.012590713222245267,0.9799206138463545,0
0.45249774810599735,-0.34918043964774,1
1.9538068912748439,0.28250859075363755,1
0.3763250197927448,0.9655597866901757,0
0.7571073508265258,0.6816552700184747,0
0.27463093553510953,-0.08647466236607416,1
0.1602359560078977,-0.13954654130668104,1
0.46794910917752164,0.8952293554867526,0
-0.2920072837244747,0.9547957998311797,0
1.1229302997247015,-0.5316035550529994,1
0.802749541957482,-0.4197721438512387,1
0.8035022586118561,-0.4626286718272906,1
0.5760260973584721,-0.4177724188412375,1
1.9843854691470688,0.3023343070543972,1
0.018449080974987243,0.3974761867361173,1
2.039916541499713,0.42403796292124823,1
1.0288619673352393,0.2827464542152304,0
1.8405542616465709,-0.042313976271599954,1
0.5368082645327499,0.7689348099525397,0
1.5898043467892138,-0.3647154599729232,1
0.48790479661633596,0.8431378773311106,0
0.9681007987384174,0.08047985463503135,0
-0.0037509826231852316,0.43100784619049703,1
0.9872192275256579,0.2802927394372841,0
1.9989069506829875,0.4065558474544925,1
1.9431222413847302,0.1316176024759862,1
-0.018918721855388804,0.3998737069191524,1
1.929953037641692,0.2164575418841119,1
-0.9897477592493141,0.05446811681521767,0
-0.20990511924414218,1.0101255094903756,0
0.7910070745904817,-0.4999864590161403,1
1.677911583125492,-0.2504987649726531,1
0.178576099558656,0.9826832207187384,0
1.0097932939737762,0.20889989044683976,0
1.9877728801601866,0.20419364760396697,1
-0.9204344104773619,0.3620579796440009,0
1.933436186155416,0.21266581262956782,1
-0.6850046433763824,0.6849595742087056,0
0.10206097759035718,0.9824764363645831,0
1.0186330247637045,0.2161146325814773,0
1.9925349937816297,0.2825252814815879,1
-0.6692008048443853,0.7429317430609721,0
-0.9469311448339901,0.13573285100605956,0
1.985976225176536,0.3226633809906136,1
1.6027910629766573,-0.2873208612665097,1
0.7191943380778769,-0.4815942746163149,1
1.4938141118462387,-0.3579804974241047,1
0.42269209055514534,0.9250034012207982,0
1.5526816806262724,-0.26929324451264675,1
1.6856996271433167,-0.21261439107680238,1
0.014307715437153722,0.5064818377814702,1
2.0374229120364475,0.2898834383495564,1
1.4570752242080032,-0.40713492793847084,1
0.11318476691037474,0.06589001996218574,1
1.9968569439919917,0.3207283482124685,1
0.4688584151794879,0.831268373637914,0
1.785254267681769,-0.006947103707910636,1
0.6235786364282845,0.8408301824379437,0
1.2889777964803397,-0.4034348393098208,1
1.991688975020254,0.4258005433726491,1
1.0056877258507395,-0.5123052522717215,1
0.7670819616342306,0.6384829976746546,0
0.1050315346012428,1.025474729037155,0
0.6178936428893133,-0.4473862474298916,1
0.8303208822306545,0.5684615322480744,0
-0.9306952087666893,0.509744862958509,0
-0.8190793178628343,0.46877327398572793,0
1.0017687829940953,-0.5343949868389332,1
0.14319569597941278,-0.029638982886666453,1
1.1877794759793714,-0.4693427573812075,1
0.49826362569744365,-0.3941629223814827,1
0.6781222421327529,0.6704017025426674,0
0.9420416931283687,0.33438811963020093,0
0.5883315281705991,0.8409182610792649,0
-0.8690362831576482,0.5236757008220287,0
1.9586327573992204,0.10537051348787654,1
0.26988819277391435,0.9290072828672469,0
0.5024574058316889,-0.3310998423328169,1
1.5486683377302248,-0.2948565307525829,1
1.0467139437852835,-0.5231072613835094,1
0.960888245297017,0.024393746334558947,0
1.3559854942475837,-0.42036930865868555,1
1.0032677622055082,0.16997076555495993,0
-0.9616955375438729,0.25835736498067724,0
0.4126971552956542,-0.24377567115334808,1
-0.013277582993126239,1.0267411835191285,0
-0.27167054682636105,0.9776297907700711,0
0.9645291297562635,-0.5380321969817793,1
0.09734779484441207,0.050706445274455135,1
0.23941002803933098,-0.19204564588115366,1
0.8980232590431467,-0.4408632501207647,1
1.7667551001363517,-0.12034576029040955,1
-0.09858056642311845,1.0231000552816791,0
0.22663183956581,-0.17366834172709744,1
-0.29501608591271106,0.9673326656153934,0
-0.8525385145957011,0.5413392622402412,0
0.5428144964912132,0.7848434424437984,0
1.2592145479226624,-0.4925257831287984,1
0.3711494116777365,-0.34422806459913374,1
1.8511080237178725,-0.14658214940823536,1
0.08495691018013193,0.18027736817846468,1
1.7698746450870535,-0.1081545076233314,1
-0.9626287509125363,0.06306455206711747,0
0.5973941956212093,0.8290160665646502,0
0.6764669577443996,0.8008751354709913,0
0.8740523850939248,-0.49004498631362053,1
1.9383096490216818,0.11787998778421974,1
0.921643663815761,-0.520228159005677,1
0.4949251258970525,-0.3579729599549104,1
-0.6079747293399648,0.7932817935031865,0
-0.9904935117972442,0.25041100010075246,0
-0.4421816338498066,0.9106109712098182,0
0.4018587801129533,0.9033307263544536,0
0.735767419039342,0.7347470105979969,0
1.6240047220994198,-0.2816169780402448,1
0.19938037260142344,-0.12239488959025846,1
0.596770765009035,0.7827900927300705,0
1.9176618333994782,0.19575333810103537,1
0.3188113326215237,0.9294178342331143,0
0.22956947428659677,-0.1376756126279024,1
-0.1837538005060197,1.0010607772717166,0
-0.28435372360013705,0.9561491192562827,0
-0.7683165356376755,0.5837956256242777,0
0.7138662920802364,0.6972343847036164,0
0.40170398698527837,0.892343626174896,0
0.2646710361473648,0.9327140384839433,0
-0.9009700718115428,0.3557742942206109,0
0.017385697798038738,1.0207793229386681,0
-0.8717419916946707,0.5235375228087695,0
1.8661227210876297,0.08660559264493854,1
1.0997966192221276,-0.4945482441960937,1
1.783844315639041,-0.016528830719911278,1
1.4870274445872642,-0.34853603856819104,1
1.761768168345457,-0.11801926967483588,1
0.7535605030752364,0.6870605739485167,0
0.330008034273621,-0.25381245267340774,1
-0.852412939879052,0.5968986503058316,0
1.2408016376275735,-0.45972026667192367,1
1.135802866988464,-0.45059160748611093,1
0.8741692128383662,-0.49387802780603496,1
1.834804994465982,0.011329665002224175,1
0.13584309424522883,0.9807779930413354,0
0.3788630546928971,-0.30404967381736914,1
1.8446045556036943,-0.004075313922296745,1
1.04439168368811,-0.5308622143950489,1
1.3225038138260463,-0.403631345219291,1
1.8676316913517494,-0.005962325740619192,1
0.3114228179604588,-0.21840598092014546,1
1.73681560522066,-0.2281304628064447,1
1.0612696842139056,-0.46946666666496584,1
-0.7642215153603397,0.675593696676049,0
1.9836207113503093,0.39028222772718313,1
0.04866821933046426,0.4035254351673328,1
-0.09428601946119261,0.9694446315456321,0
1.4294726357666607,-0.4037386288530492,1
-0.9657300126285875,0.38884866979008226,0
-0.9937225513669774,0.010345716582360975,0
0.7483859451387292,0.6523238644821432,0
0.6522050480384725,-0.43668895713944295,1
0.024977742775347006,0.9944434726159378,0
1.6401084773168735,-0.23637176378961802,1
0.17631205119817023,-0.16633625618099288,1
0.562709858379693,-0.3899424455335598,1
-0.7134200739458744,0.7271252820150856,0
1.9824679906373008,0.4500326008074351,1
1.5418053330419226,-0.3242135750845264,1
0.13282182808725387,1.042676886779827,0
1.1993838130631025,-0.48766655754584554,1
0.5918364935942717,-0.3705310273968194,1
-0.3800335606808651,0.8699920528328007,0
0.4500298070182679,-0.3255220444783875,1
-0.8413140981391898,0.5270141134803855,0
1.7781987857510377,-0.13625656119014903,1
0.6954595047843788,-0.46409804981316555,1
-0.6769536786262048,0.7416104419155496,0
-0.06002964140255592,0.9194042070458495,0
0.9887495378722297,-0.5716971982171706,1
0.30065917504686807,-0.21660144574629736,1
0.34203578528931716,-0.23988498280543477,1
-0.14265076239072286,0.9856292493465999,0
-0.6832459613847839,0.6775695115337292,0
-0.745529980821875,0.708824456820496,0
0.15272271260119902,0.9929077812847698,0
1.9877821452891127,0.19215871294969517,1
1.3301621530670802,-0.4110100564059203,1
-0.9559270644729994,0.1286251535180586,0
-0.5559026447233921,0.8377521722409187,0
-0.06770946860702776,0.44043765530921053,1
0.3472150023839563,-0.27300463951844184,1
1.9748534791564278,0.4006124418667188,1
1.951892363805425,0.06451084484524822,1
1.8090848863960294,-0.059093408827329816,1
0.28387704020573606,-0.1795025297647298,1
1.6102610851015295,-0.30690793206999667,1
1.3106273596271645,-0.4617432950693891,1
0.3987010506153269,-0.32109812810657257,1
1.5826494969365135,-0.2786635392855256,1
0.07128061346492601,0.14360767009500333,1
1.9262997524971488,0.2859911969467386,1
0.08011956220803708,0.059447726022242756,1
1.3017117278685215,-0.466353806503441,1
0.8523073521046879,0.4548910225541343,0
0.05710273234024755,1.0174832119041246,0
0.6487462186630393,-0.4525701583481675,1
0.5405724072096365,0.8595634306761057,0
0.011507790454330914,0.30068606924713914,1
0.95992239740453,0.22531208455212154,0
0.0567880676631736,0.23229320744092047,1
0.5455062774213337,0.8205017042024971,0
0.417418022577583,-0.3271220475663583,1
1.7676116666110422,-0.17059682514889393,1
1.6397343200329213,-0.26845054762736453,1
1.5774480850211587,-0.30748786472297707,1
1.927932662984196,0.11208967924264762,1
0.8748072157524847,-0.48989765256933654,1
0.8312899523606496,0.5643136988553407,0
0.09409466984213576,0.09624982110242054,1
0.06057465940177769,1.0153747055932356,0
0.9502525231290605,-0.5361851397844334,1
0.07773210497735542,0.07570968933202449,1
0.6758750563802747,-0.39539603041680466,1
-0.9630426676808115,0.20698162410942728,0
0.05496473804093528,0.21934900708014402,1
1.7841492574333835,-0.14954764970472484,1
0.2893144119155487,0.9246505774071604,0
-0.8024211624251865,0.5913155853979393,0
1.2905985580373192,-0.43958753165178194,1
-0.8054131924186111,0.5727460826653319,0
1.1031011153399088,-0.5092066867318341,1
1.5572591108188902,-0.30363076799788197,1
0.18044823463016013,0.932149250910622,0
0.9593594881966405,-0.02291736828433996,0
1.1236340709641626,-0.48871265275208964,1
0.376717135234877,-0.26195141959238355,1
1.9402101811288566,0.055655355512628644,1
0.2506650844511155,-0.1955190206113324,1
0.9690230962395682,-0.5347250980571202,1
0.020341024613798345,0.19649431314345187,1
0.8005762485515753,-0.4871503032838574,1
0.5998721978704802,-0.41931320509293923,1
0.7694184917255037,0.6380811904748492,0
1.352903630981728,-0.3626829917995762,1
0.8346650129626465,-0.46124723241768273,1
0.1271445345902242,0.04770052545080878,1
-0.7911003495424309,0.540459909884422,0
-0.010747470017552408,0.38326588224339186,1
0.9688104895622535,0.25183700356592864,0
0.963252867888321,0.16931818785069372,0
1.1736725779427766,-0.46948614709449127,1
1.534458931542972,-0.32411647527422494,1
0.34458984725534353,0.9407678224435612,0
0.6503952999724555,0.7757956533447794,0
1.0166985582159374,0.19138625250790875,0
1.7036703205839174,-0.16837166910101825,1
0.125743609029489,1.0240493807769888,0
-1.0152049769007077,0.012917877368389064,0
1.1618888138521728,-0.5667347507607051,1
-0.7455477730071007,0.6595212083713713,0
-0.2709189680959688,0.9482967696613134,0
-0.8362438394805335,0.5127571889355866,0
0.5348151654921325,-0.35513251971130994,1
-0.8094769068564472,0.5928009003870783,0
0.18901337729822987,-0.029974894718899334,1
-1.0137880837098199,-0.027768091540707793,0
0.6895220952902326,0.7119626295745517,0
0.9068276623567818,0.3873584614242452,0
-0.9304376223433732,0.18686317590441112,0
0.41295731420737886,-0.3159905807635955,1
0.7095458764916049,0.7245853426061636,0
1.941880434543484,0.37949068217598425,1
0.037028694642871535,0.3985178765660229,1
1.5297914863868978,-0.37743697356383654,1
1.9037155578902007,0.273868852084425,1
0.9523744182253449,0.42198109126808914,0
1.407892566512016,-0.42580441462066154,1
1.0287420323237915,0.11575165007846223,0
0.5425640114999704,0.8519860975652335,0
0.9523790082357404,0.26537842122575983,0
-1.0380025547380443,0.007389819524841475,0
-0.6961872428608423,0.7137745894539841,0
0.4024187274274759,0.9262171498957646,0
1.0131524628087392,-0.498636547958616,1
0.22297387408685543,0.9617991226843874,0
1.236937412598619,-0.4227288706129282,1
0.9450792909593206,0.3352075188937674,0
1.746826314738792,-0.22026018600607244,1
-0.5176414303580037,0.8916533132893256,0
1.045133170575788,-0.4987573170078897,1
0.802018364399166,-0.4735497869649988,1
0.8474555450689374,-0.4455379963749782,1
-0.3124479427256991,0.9508545558295385,0
0.6658633561321213,-0.4841060877957113,1
0.0018536955309701748,1.0242511441734412,0
0.833106662041314,-0.4659123930923271,1
-0.9381711021678901,0.2950050553068748,0
-0.959783895368415,0.2542919483925688,0
1.9697474817258727,0.4480599964098647,1
1.4382783045533767,-0.46162504778884633,1
1.68705700385774,-0.28553845836614383,1
-0.14301567684385239,0.9879268488861996,0
0.27951276757458804,0.9817026338705712,0
0.5831919671764072,0.8290287023427528,0
0.046386909497424134,0.15571094352738804,1
0.8875262884426007,-0.49628739919388004,1
-0.774008198354858,0.6129783209261558,0
0.6698241981293905,-0.43998793372119854,1
-0.9439241936367258,0.1294539350558025,0
1.4262708903807808,-0.4162238077070686,1
1.1197339680958507,-0.5409064686592308,1
0.7494945410093704,0.616275403560345,0
0.12797866698881005,0.0837002809069409,1
-0.7889123456369427,0.6895362255741373,0
0.9667324578078407,-0.04354155961095681,0
1.8999249773329636,0.09961530003746052,1
1.9418543542755176,0.3893347605196918,1
0.10129574308117961,0.08674990492639244,1
0.8784482999179521,0.4945142248140727,0
0.2740098752286377,0.9665814143356164,0
0.9830970889286078,0.18804363279199696,0
1.2048110435022439,-0.44970803333662634,1
0.03696545161056472,0.48006534909128723,1
-0.9462579804897125,0.46571285172603655,0
-0.940467406786391,0.2334394743045557,0
-0.6758897696657499,0.7511677170419765,0
0.8902535096113694,0.5638261931243844,0
-0.5600616564698584,0.896267367742958,0
1.8021118044840767,-0.10660920707461158,1
0.07027029766921622,0.05917822566370923,1
-0.5689640572851641,0.839555597180745,0
1.1545036752473474,-0.47350120481730423,1
0.027556832929184018,0.9943406246253179,0
1.0061487688963815,0.08744358122972445,0
-0.4489488362028397,0.9030020089740399,0
0.2420476476338847,-0.10357684638931797,1
-0.7610550135426818,0.6455278828726879,0
-0.10036439437878375,1.027786280427426,0
0.5260422618712478,0.8357769319839463,0
1.5502120412351301,-0.32498799954536506,1
1.9780709103411307,0.4298283130395402,1
0.44468079880037026,-0.304130754605528,1
1.4664657221347521,-0.37852665953135944,1
-0.9833078688262803,0.10787228980902258,0
1.950841496598573,0.386868549952281,1
0.04282769008191271,0.4952597393754297,1
1.495515570893132,-0.31986599712214236,1
0.035359907013218894,0.9805761190630135,0
0.08970893326015002,0.1193271201932393,1
1.6589039030818007,-0.19521401169846564,1
0.09952991004900068,0.1114095856423859,1
0.6439915572090685,-0.40191033134952064,1
0.43599250506020315,0.9058143887756951,0
1.2281092968206027,-0.509659460133467,1
0.6389316415832293,-0.5109483577064332,1
-0.9724565811574569,0.15605178755233676,0
0.5676120507117293,-0.46164460221468373,1
-0.01873041299873556,0.4372066041273775,1
0.957863483119606,0.3565980609767433,0
-0.9800772375545164,0.1454613991251939,0
0.1229786211102478,0.10062562327523975,1
1.6004008583739422,-0.298281670692294,1
1.0005423396344357,-0.5310419312310437,1
-0.01166723458842573,1.004823441840234,0
0.9704420686985268,0.1417258624876083,0
-0.4194518027421334,0.8876337069480005,0
-0.965469609902376,0.1993850267129105,0
0.4697806035750023,0.8613907130133032,0
-0.13459607679536872,0.9721106855739551,0
1.9418341812707136,0.256681172563344,1
0.3256665559469884,0.8920385048070602,0
-0.7320790237197167,0.6579389049687646,0
1.3742950965247005,-0.5037809128668579,1
-0.8989893002614456,0.5157977867700556,0
-0.9862016793521567,0.07575483575571255,0
-0.5499984852573534,0.8366278117275153,0
1.1107774446171643,-0.4447463653893635,1
-0.3931234061510706,0.9437102881253732,0
0.44157408634543543,-0.33270831069519674,1
0.6522424120835338,0.7524026577751592,0
0.4853002382711248,-0.3030033416596061,1
1.684060880315219,-0.20867707949236491,1
0.7885774839067494,0.5750663116262879,0
-0.6938471688298179,0.671235424869985,0
0.8111787594068888,0.5387486407019964,0
-0.9712524372221881,0.2374821138177612,0
-0.5075003307832172,0.8533426678801721,0
0.22502051858307895,0.9884787283541719,0
-1.0412584964435938,0.24865423387229413,0
0.7638533937784707,0.620297430804513,0
0.2792696844587124,-0.12601119383346376,1
0.9920964718781603,0.08666801624206572,0
0.7238358815621776,-0.45906863253281677,1
0.9182142423845311,0.4988384193578377,0
0.7930181744126336,0.5914019845500088,0
-0.1387773443097698,0.9679995100179747,0
1.653914825717549,-0.2917979462738791,1
-0.9341016991036087,0.35358220596336876,0
0.796835801437086,0.6042366167665801,0
